
[
  {
  "firstname":"Arungopan_0",
  "lastname":"Gopakumar_0",
  "email":"arun.gopan@marlabs.com_0",
  "phone":"34324324323_0",
  "current_class":"10th_0",
  "location":["Piscataway0","Newyork0","Atlanta0"],
  "address":
          {
            "communication":"Marlabs, Piscataway, New Jersey_0",
            "permanent":"Trivandrum, Kerala, India_0"
          },
  "marks":
          {
            "english":"70_0",
            "science":"80_0",
            "computers":"90_0",
            "hardware":"80_0"
          }
  },
  {
    "firstname":"Arungopan_1",
    "lastname":"Gopakumar_1",
    "email":"arun.gopan@marlabs.com_1",
    "phone":"34324324323_1",
    "current_class":"10th_1",
    "location":["Piscataway1","Newyork1","Atlanta1"],
    "address":
    {
      "communication":"Marlabs, Piscataway, New Jersey_1",
      "permanent":"Trivandrum, Kerala, India_1"
    },
    "marks":
    {
      "english":"70_1",
      "science":"80_1",
      "computers":"90_1","hardware":"80_1"}

  },
  {
    "firstname":"Arungopan_2",
    "lastname":"Gopakumar_2",
    "email":"arun.gopan@marlabs.com_2",
    "phone":"34324324323_2","current_class":"10th_2","location":["Piscataway2","Newyork2","Atlanta2"],"address":{"communication":"Marlabs, Piscataway, New Jersey_2","permanent":"Trivandrum, Kerala, India_2"},"marks":{"english":"70_2","science":"80_2","computers":"90_2","hardware":"80_2"}},{"firstname":"Arungopan_3","lastname":"Gopakumar_3","email":"arun.gopan@marlabs.com_3","phone":"34324324323_3","current_class":"10th_3","location":["Piscataway3","Newyork3","Atlanta3"],"address":{"communication":"Marlabs, Piscataway, New Jersey_3","permanent":"Trivandrum, Kerala, India_3"},"marks":{"english":"70_3","science":"80_3","computers":"90_3","hardware":"80_3"}},{"firstname":"Arungopan_4","lastname":"Gopakumar_4","email":"arun.gopan@marlabs.com_4","phone":"34324324323_4","current_class":"10th_4","location":["Piscataway4","Newyork4","Atlanta4"],"address":{"communication":"Marlabs, Piscataway, New Jersey_4","permanent":"Trivandrum, Kerala, India_4"},"marks":{"english":"70_4","science":"80_4","computers":"90_4","hardware":"80_4"}},{"firstname":"Arungopan_5","lastname":"Gopakumar_5","email":"arun.gopan@marlabs.com_5","phone":"34324324323_5","current_class":"10th_5","location":["Piscataway5","Newyork5","Atlanta5"],"address":{"communication":"Marlabs, Piscataway, New Jersey_5","permanent":"Trivandrum, Kerala, India_5"},"marks":{"english":"70_5","science":"80_5","computers":"90_5","hardware":"80_5"}},{"firstname":"Arungopan_6","lastname":"Gopakumar_6","email":"arun.gopan@marlabs.com_6","phone":"34324324323_6","current_class":"10th_6","location":["Piscataway6","Newyork6","Atlanta6"],"address":{"communication":"Marlabs, Piscataway, New Jersey_6","permanent":"Trivandrum, Kerala, India_6"},"marks":{"english":"70_6","science":"80_6","computers":"90_6","hardware":"80_6"}},{"firstname":"Arungopan_7","lastname":"Gopakumar_7","email":"arun.gopan@marlabs.com_7","phone":"34324324323_7","current_class":"10th_7","location":["Piscataway7","Newyork7","Atlanta7"],"address":{"communication":"Marlabs, Piscataway, New Jersey_7","permanent":"Trivandrum, Kerala, India_7"},"marks":{"english":"70_7","science":"80_7","computers":"90_7","hardware":"80_7"}},{"firstname":"Arungopan_8","lastname":"Gopakumar_8","email":"arun.gopan@marlabs.com_8","phone":"34324324323_8","current_class":"10th_8","location":["Piscataway8","Newyork8","Atlanta8"],"address":{"communication":"Marlabs, Piscataway, New Jersey_8","permanent":"Trivandrum, Kerala, India_8"},"marks":{"english":"70_8","science":"80_8","computers":"90_8","hardware":"80_8"}},{"firstname":"Arungopan_9","lastname":"Gopakumar_9","email":"arun.gopan@marlabs.com_9","phone":"34324324323_9","current_class":"10th_9","location":["Piscataway9","Newyork9","Atlanta9"],"address":{"communication":"Marlabs, Piscataway, New Jersey_9","permanent":"Trivandrum, Kerala, India_9"},"marks":{"english":"70_9","science":"80_9","computers":"90_9","hardware":"80_9"}},{"firstname":"Arungopan_10","lastname":"Gopakumar_10","email":"arun.gopan@marlabs.com_10","phone":"34324324323_10","current_class":"10th_10","location":["Piscataway10","Newyork10","Atlanta10"],"address":{"communication":"Marlabs, Piscataway, New Jersey_10","permanent":"Trivandrum, Kerala, India_10"},"marks":{"english":"70_10","science":"80_10","computers":"90_10","hardware":"80_10"}},{"firstname":"Arungopan_11","lastname":"Gopakumar_11","email":"arun.gopan@marlabs.com_11","phone":"34324324323_11","current_class":"10th_11","location":["Piscataway11","Newyork11","Atlanta11"],"address":{"communication":"Marlabs, Piscataway, New Jersey_11","permanent":"Trivandrum, Kerala, India_11"},"marks":{"english":"70_11","science":"80_11","computers":"90_11","hardware":"80_11"}},{"firstname":"Arungopan_12","lastname":"Gopakumar_12","email":"arun.gopan@marlabs.com_12","phone":"34324324323_12","current_class":"10th_12","location":["Piscataway12","Newyork12","Atlanta12"],"address":{"communication":"Marlabs, Piscataway, New Jersey_12","permanent":"Trivandrum, Kerala, India_12"},"marks":{"english":"70_12","science":"80_12","computers":"90_12","hardware":"80_12"}},{"firstname":"Arungopan_13","lastname":"Gopakumar_13","email":"arun.gopan@marlabs.com_13","phone":"34324324323_13","current_class":"10th_13","location":["Piscataway13","Newyork13","Atlanta13"],"address":{"communication":"Marlabs, Piscataway, New Jersey_13","permanent":"Trivandrum, Kerala, India_13"},"marks":{"english":"70_13","science":"80_13","computers":"90_13","hardware":"80_13"}},{"firstname":"Arungopan_14","lastname":"Gopakumar_14","email":"arun.gopan@marlabs.com_14","phone":"34324324323_14","current_class":"10th_14","location":["Piscataway14","Newyork14","Atlanta14"],"address":{"communication":"Marlabs, Piscataway, New Jersey_14","permanent":"Trivandrum, Kerala, India_14"},"marks":{"english":"70_14","science":"80_14","computers":"90_14","hardware":"80_14"}},{"firstname":"Arungopan_15","lastname":"Gopakumar_15","email":"arun.gopan@marlabs.com_15","phone":"34324324323_15","current_class":"10th_15","location":["Piscataway15","Newyork15","Atlanta15"],"address":{"communication":"Marlabs, Piscataway, New Jersey_15","permanent":"Trivandrum, Kerala, India_15"},"marks":{"english":"70_15","science":"80_15","computers":"90_15","hardware":"80_15"}},{"firstname":"Arungopan_16","lastname":"Gopakumar_16","email":"arun.gopan@marlabs.com_16","phone":"34324324323_16","current_class":"10th_16","location":["Piscataway16","Newyork16","Atlanta16"],"address":{"communication":"Marlabs, Piscataway, New Jersey_16","permanent":"Trivandrum, Kerala, India_16"},"marks":{"english":"70_16","science":"80_16","computers":"90_16","hardware":"80_16"}},{"firstname":"Arungopan_17","lastname":"Gopakumar_17","email":"arun.gopan@marlabs.com_17","phone":"34324324323_17","current_class":"10th_17","location":["Piscataway17","Newyork17","Atlanta17"],"address":{"communication":"Marlabs, Piscataway, New Jersey_17","permanent":"Trivandrum, Kerala, India_17"},"marks":{"english":"70_17","science":"80_17","computers":"90_17","hardware":"80_17"}},{"firstname":"Arungopan_18","lastname":"Gopakumar_18","email":"arun.gopan@marlabs.com_18","phone":"34324324323_18","current_class":"10th_18","location":["Piscataway18","Newyork18","Atlanta18"],"address":{"communication":"Marlabs, Piscataway, New Jersey_18","permanent":"Trivandrum, Kerala, India_18"},"marks":{"english":"70_18","science":"80_18","computers":"90_18","hardware":"80_18"}},{"firstname":"Arungopan_19","lastname":"Gopakumar_19","email":"arun.gopan@marlabs.com_19","phone":"34324324323_19","current_class":"10th_19","location":["Piscataway19","Newyork19","Atlanta19"],"address":{"communication":"Marlabs, Piscataway, New Jersey_19","permanent":"Trivandrum, Kerala, India_19"},"marks":{"english":"70_19","science":"80_19","computers":"90_19","hardware":"80_19"}},{"firstname":"Arungopan_20","lastname":"Gopakumar_20","email":"arun.gopan@marlabs.com_20","phone":"34324324323_20","current_class":"10th_20","location":["Piscataway20","Newyork20","Atlanta20"],"address":{"communication":"Marlabs, Piscataway, New Jersey_20","permanent":"Trivandrum, Kerala, India_20"},"marks":{"english":"70_20","science":"80_20","computers":"90_20","hardware":"80_20"}},{"firstname":"Arungopan_21","lastname":"Gopakumar_21","email":"arun.gopan@marlabs.com_21","phone":"34324324323_21","current_class":"10th_21","location":["Piscataway21","Newyork21","Atlanta21"],"address":{"communication":"Marlabs, Piscataway, New Jersey_21","permanent":"Trivandrum, Kerala, India_21"},"marks":{"english":"70_21","science":"80_21","computers":"90_21","hardware":"80_21"}},{"firstname":"Arungopan_22","lastname":"Gopakumar_22","email":"arun.gopan@marlabs.com_22","phone":"34324324323_22","current_class":"10th_22","location":["Piscataway22","Newyork22","Atlanta22"],"address":{"communication":"Marlabs, Piscataway, New Jersey_22","permanent":"Trivandrum, Kerala, India_22"},"marks":{"english":"70_22","science":"80_22","computers":"90_22","hardware":"80_22"}},{"firstname":"Arungopan_23","lastname":"Gopakumar_23","email":"arun.gopan@marlabs.com_23","phone":"34324324323_23","current_class":"10th_23","location":["Piscataway23","Newyork23","Atlanta23"],"address":{"communication":"Marlabs, Piscataway, New Jersey_23","permanent":"Trivandrum, Kerala, India_23"},"marks":{"english":"70_23","science":"80_23","computers":"90_23","hardware":"80_23"}},{"firstname":"Arungopan_24","lastname":"Gopakumar_24","email":"arun.gopan@marlabs.com_24","phone":"34324324323_24","current_class":"10th_24","location":["Piscataway24","Newyork24","Atlanta24"],"address":{"communication":"Marlabs, Piscataway, New Jersey_24","permanent":"Trivandrum, Kerala, India_24"},"marks":{"english":"70_24","science":"80_24","computers":"90_24","hardware":"80_24"}},{"firstname":"Arungopan_25","lastname":"Gopakumar_25","email":"arun.gopan@marlabs.com_25","phone":"34324324323_25","current_class":"10th_25","location":["Piscataway25","Newyork25","Atlanta25"],"address":{"communication":"Marlabs, Piscataway, New Jersey_25","permanent":"Trivandrum, Kerala, India_25"},"marks":{"english":"70_25","science":"80_25","computers":"90_25","hardware":"80_25"}},{"firstname":"Arungopan_26","lastname":"Gopakumar_26","email":"arun.gopan@marlabs.com_26","phone":"34324324323_26","current_class":"10th_26","location":["Piscataway26","Newyork26","Atlanta26"],"address":{"communication":"Marlabs, Piscataway, New Jersey_26","permanent":"Trivandrum, Kerala, India_26"},"marks":{"english":"70_26","science":"80_26","computers":"90_26","hardware":"80_26"}},{"firstname":"Arungopan_27","lastname":"Gopakumar_27","email":"arun.gopan@marlabs.com_27","phone":"34324324323_27","current_class":"10th_27","location":["Piscataway27","Newyork27","Atlanta27"],"address":{"communication":"Marlabs, Piscataway, New Jersey_27","permanent":"Trivandrum, Kerala, India_27"},"marks":{"english":"70_27","science":"80_27","computers":"90_27","hardware":"80_27"}},{"firstname":"Arungopan_28","lastname":"Gopakumar_28","email":"arun.gopan@marlabs.com_28","phone":"34324324323_28","current_class":"10th_28","location":["Piscataway28","Newyork28","Atlanta28"],"address":{"communication":"Marlabs, Piscataway, New Jersey_28","permanent":"Trivandrum, Kerala, India_28"},"marks":{"english":"70_28","science":"80_28","computers":"90_28","hardware":"80_28"}},{"firstname":"Arungopan_29","lastname":"Gopakumar_29","email":"arun.gopan@marlabs.com_29","phone":"34324324323_29","current_class":"10th_29","location":["Piscataway29","Newyork29","Atlanta29"],"address":{"communication":"Marlabs, Piscataway, New Jersey_29","permanent":"Trivandrum, Kerala, India_29"},"marks":{"english":"70_29","science":"80_29","computers":"90_29","hardware":"80_29"}},{"firstname":"Arungopan_30","lastname":"Gopakumar_30","email":"arun.gopan@marlabs.com_30","phone":"34324324323_30","current_class":"10th_30","location":["Piscataway30","Newyork30","Atlanta30"],"address":{"communication":"Marlabs, Piscataway, New Jersey_30","permanent":"Trivandrum, Kerala, India_30"},"marks":{"english":"70_30","science":"80_30","computers":"90_30","hardware":"80_30"}},{"firstname":"Arungopan_31","lastname":"Gopakumar_31","email":"arun.gopan@marlabs.com_31","phone":"34324324323_31","current_class":"10th_31","location":["Piscataway31","Newyork31","Atlanta31"],"address":{"communication":"Marlabs, Piscataway, New Jersey_31","permanent":"Trivandrum, Kerala, India_31"},"marks":{"english":"70_31","science":"80_31","computers":"90_31","hardware":"80_31"}},{"firstname":"Arungopan_32","lastname":"Gopakumar_32","email":"arun.gopan@marlabs.com_32","phone":"34324324323_32","current_class":"10th_32","location":["Piscataway32","Newyork32","Atlanta32"],"address":{"communication":"Marlabs, Piscataway, New Jersey_32","permanent":"Trivandrum, Kerala, India_32"},"marks":{"english":"70_32","science":"80_32","computers":"90_32","hardware":"80_32"}},{"firstname":"Arungopan_33","lastname":"Gopakumar_33","email":"arun.gopan@marlabs.com_33","phone":"34324324323_33","current_class":"10th_33","location":["Piscataway33","Newyork33","Atlanta33"],"address":{"communication":"Marlabs, Piscataway, New Jersey_33","permanent":"Trivandrum, Kerala, India_33"},"marks":{"english":"70_33","science":"80_33","computers":"90_33","hardware":"80_33"}},{"firstname":"Arungopan_34","lastname":"Gopakumar_34","email":"arun.gopan@marlabs.com_34","phone":"34324324323_34","current_class":"10th_34","location":["Piscataway34","Newyork34","Atlanta34"],"address":{"communication":"Marlabs, Piscataway, New Jersey_34","permanent":"Trivandrum, Kerala, India_34"},"marks":{"english":"70_34","science":"80_34","computers":"90_34","hardware":"80_34"}},{"firstname":"Arungopan_35","lastname":"Gopakumar_35","email":"arun.gopan@marlabs.com_35","phone":"34324324323_35","current_class":"10th_35","location":["Piscataway35","Newyork35","Atlanta35"],"address":{"communication":"Marlabs, Piscataway, New Jersey_35","permanent":"Trivandrum, Kerala, India_35"},"marks":{"english":"70_35","science":"80_35","computers":"90_35","hardware":"80_35"}},{"firstname":"Arungopan_36","lastname":"Gopakumar_36","email":"arun.gopan@marlabs.com_36","phone":"34324324323_36","current_class":"10th_36","location":["Piscataway36","Newyork36","Atlanta36"],"address":{"communication":"Marlabs, Piscataway, New Jersey_36","permanent":"Trivandrum, Kerala, India_36"},"marks":{"english":"70_36","science":"80_36","computers":"90_36","hardware":"80_36"}},{"firstname":"Arungopan_37","lastname":"Gopakumar_37","email":"arun.gopan@marlabs.com_37","phone":"34324324323_37","current_class":"10th_37","location":["Piscataway37","Newyork37","Atlanta37"],"address":{"communication":"Marlabs, Piscataway, New Jersey_37","permanent":"Trivandrum, Kerala, India_37"},"marks":{"english":"70_37","science":"80_37","computers":"90_37","hardware":"80_37"}},{"firstname":"Arungopan_38","lastname":"Gopakumar_38","email":"arun.gopan@marlabs.com_38","phone":"34324324323_38","current_class":"10th_38","location":["Piscataway38","Newyork38","Atlanta38"],"address":{"communication":"Marlabs, Piscataway, New Jersey_38","permanent":"Trivandrum, Kerala, India_38"},"marks":{"english":"70_38","science":"80_38","computers":"90_38","hardware":"80_38"}},{"firstname":"Arungopan_39","lastname":"Gopakumar_39","email":"arun.gopan@marlabs.com_39","phone":"34324324323_39","current_class":"10th_39","location":["Piscataway39","Newyork39","Atlanta39"],"address":{"communication":"Marlabs, Piscataway, New Jersey_39","permanent":"Trivandrum, Kerala, India_39"},"marks":{"english":"70_39","science":"80_39","computers":"90_39","hardware":"80_39"}},{"firstname":"Arungopan_40","lastname":"Gopakumar_40","email":"arun.gopan@marlabs.com_40","phone":"34324324323_40","current_class":"10th_40","location":["Piscataway40","Newyork40","Atlanta40"],"address":{"communication":"Marlabs, Piscataway, New Jersey_40","permanent":"Trivandrum, Kerala, India_40"},"marks":{"english":"70_40","science":"80_40","computers":"90_40","hardware":"80_40"}},{"firstname":"Arungopan_41","lastname":"Gopakumar_41","email":"arun.gopan@marlabs.com_41","phone":"34324324323_41","current_class":"10th_41","location":["Piscataway41","Newyork41","Atlanta41"],"address":{"communication":"Marlabs, Piscataway, New Jersey_41","permanent":"Trivandrum, Kerala, India_41"},"marks":{"english":"70_41","science":"80_41","computers":"90_41","hardware":"80_41"}},{"firstname":"Arungopan_42","lastname":"Gopakumar_42","email":"arun.gopan@marlabs.com_42","phone":"34324324323_42","current_class":"10th_42","location":["Piscataway42","Newyork42","Atlanta42"],"address":{"communication":"Marlabs, Piscataway, New Jersey_42","permanent":"Trivandrum, Kerala, India_42"},"marks":{"english":"70_42","science":"80_42","computers":"90_42","hardware":"80_42"}},{"firstname":"Arungopan_43","lastname":"Gopakumar_43","email":"arun.gopan@marlabs.com_43","phone":"34324324323_43","current_class":"10th_43","location":["Piscataway43","Newyork43","Atlanta43"],"address":{"communication":"Marlabs, Piscataway, New Jersey_43","permanent":"Trivandrum, Kerala, India_43"},"marks":{"english":"70_43","science":"80_43","computers":"90_43","hardware":"80_43"}},{"firstname":"Arungopan_44","lastname":"Gopakumar_44","email":"arun.gopan@marlabs.com_44","phone":"34324324323_44","current_class":"10th_44","location":["Piscataway44","Newyork44","Atlanta44"],"address":{"communication":"Marlabs, Piscataway, New Jersey_44","permanent":"Trivandrum, Kerala, India_44"},"marks":{"english":"70_44","science":"80_44","computers":"90_44","hardware":"80_44"}},{"firstname":"Arungopan_45","lastname":"Gopakumar_45","email":"arun.gopan@marlabs.com_45","phone":"34324324323_45","current_class":"10th_45","location":["Piscataway45","Newyork45","Atlanta45"],"address":{"communication":"Marlabs, Piscataway, New Jersey_45","permanent":"Trivandrum, Kerala, India_45"},"marks":{"english":"70_45","science":"80_45","computers":"90_45","hardware":"80_45"}},{"firstname":"Arungopan_46","lastname":"Gopakumar_46","email":"arun.gopan@marlabs.com_46","phone":"34324324323_46","current_class":"10th_46","location":["Piscataway46","Newyork46","Atlanta46"],"address":{"communication":"Marlabs, Piscataway, New Jersey_46","permanent":"Trivandrum, Kerala, India_46"},"marks":{"english":"70_46","science":"80_46","computers":"90_46","hardware":"80_46"}},{"firstname":"Arungopan_47","lastname":"Gopakumar_47","email":"arun.gopan@marlabs.com_47","phone":"34324324323_47","current_class":"10th_47","location":["Piscataway47","Newyork47","Atlanta47"],"address":{"communication":"Marlabs, Piscataway, New Jersey_47","permanent":"Trivandrum, Kerala, India_47"},"marks":{"english":"70_47","science":"80_47","computers":"90_47","hardware":"80_47"}},{"firstname":"Arungopan_48","lastname":"Gopakumar_48","email":"arun.gopan@marlabs.com_48","phone":"34324324323_48","current_class":"10th_48","location":["Piscataway48","Newyork48","Atlanta48"],"address":{"communication":"Marlabs, Piscataway, New Jersey_48","permanent":"Trivandrum, Kerala, India_48"},"marks":{"english":"70_48","science":"80_48","computers":"90_48","hardware":"80_48"}},{"firstname":"Arungopan_49","lastname":"Gopakumar_49","email":"arun.gopan@marlabs.com_49","phone":"34324324323_49","current_class":"10th_49","location":["Piscataway49","Newyork49","Atlanta49"],"address":{"communication":"Marlabs, Piscataway, New Jersey_49","permanent":"Trivandrum, Kerala, India_49"},"marks":{"english":"70_49","science":"80_49","computers":"90_49","hardware":"80_49"}},{"firstname":"Arungopan_50","lastname":"Gopakumar_50","email":"arun.gopan@marlabs.com_50","phone":"34324324323_50","current_class":"10th_50","location":["Piscataway50","Newyork50","Atlanta50"],"address":{"communication":"Marlabs, Piscataway, New Jersey_50","permanent":"Trivandrum, Kerala, India_50"},"marks":{"english":"70_50","science":"80_50","computers":"90_50","hardware":"80_50"}},{"firstname":"Arungopan_51","lastname":"Gopakumar_51","email":"arun.gopan@marlabs.com_51","phone":"34324324323_51","current_class":"10th_51","location":["Piscataway51","Newyork51","Atlanta51"],"address":{"communication":"Marlabs, Piscataway, New Jersey_51","permanent":"Trivandrum, Kerala, India_51"},"marks":{"english":"70_51","science":"80_51","computers":"90_51","hardware":"80_51"}},{"firstname":"Arungopan_52","lastname":"Gopakumar_52","email":"arun.gopan@marlabs.com_52","phone":"34324324323_52","current_class":"10th_52","location":["Piscataway52","Newyork52","Atlanta52"],"address":{"communication":"Marlabs, Piscataway, New Jersey_52","permanent":"Trivandrum, Kerala, India_52"},"marks":{"english":"70_52","science":"80_52","computers":"90_52","hardware":"80_52"}},{"firstname":"Arungopan_53","lastname":"Gopakumar_53","email":"arun.gopan@marlabs.com_53","phone":"34324324323_53","current_class":"10th_53","location":["Piscataway53","Newyork53","Atlanta53"],"address":{"communication":"Marlabs, Piscataway, New Jersey_53","permanent":"Trivandrum, Kerala, India_53"},"marks":{"english":"70_53","science":"80_53","computers":"90_53","hardware":"80_53"}},{"firstname":"Arungopan_54","lastname":"Gopakumar_54","email":"arun.gopan@marlabs.com_54","phone":"34324324323_54","current_class":"10th_54","location":["Piscataway54","Newyork54","Atlanta54"],"address":{"communication":"Marlabs, Piscataway, New Jersey_54","permanent":"Trivandrum, Kerala, India_54"},"marks":{"english":"70_54","science":"80_54","computers":"90_54","hardware":"80_54"}},{"firstname":"Arungopan_55","lastname":"Gopakumar_55","email":"arun.gopan@marlabs.com_55","phone":"34324324323_55","current_class":"10th_55","location":["Piscataway55","Newyork55","Atlanta55"],"address":{"communication":"Marlabs, Piscataway, New Jersey_55","permanent":"Trivandrum, Kerala, India_55"},"marks":{"english":"70_55","science":"80_55","computers":"90_55","hardware":"80_55"}},{"firstname":"Arungopan_56","lastname":"Gopakumar_56","email":"arun.gopan@marlabs.com_56","phone":"34324324323_56","current_class":"10th_56","location":["Piscataway56","Newyork56","Atlanta56"],"address":{"communication":"Marlabs, Piscataway, New Jersey_56","permanent":"Trivandrum, Kerala, India_56"},"marks":{"english":"70_56","science":"80_56","computers":"90_56","hardware":"80_56"}},{"firstname":"Arungopan_57","lastname":"Gopakumar_57","email":"arun.gopan@marlabs.com_57","phone":"34324324323_57","current_class":"10th_57","location":["Piscataway57","Newyork57","Atlanta57"],"address":{"communication":"Marlabs, Piscataway, New Jersey_57","permanent":"Trivandrum, Kerala, India_57"},"marks":{"english":"70_57","science":"80_57","computers":"90_57","hardware":"80_57"}},{"firstname":"Arungopan_58","lastname":"Gopakumar_58","email":"arun.gopan@marlabs.com_58","phone":"34324324323_58","current_class":"10th_58","location":["Piscataway58","Newyork58","Atlanta58"],"address":{"communication":"Marlabs, Piscataway, New Jersey_58","permanent":"Trivandrum, Kerala, India_58"},"marks":{"english":"70_58","science":"80_58","computers":"90_58","hardware":"80_58"}},{"firstname":"Arungopan_59","lastname":"Gopakumar_59","email":"arun.gopan@marlabs.com_59","phone":"34324324323_59","current_class":"10th_59","location":["Piscataway59","Newyork59","Atlanta59"],"address":{"communication":"Marlabs, Piscataway, New Jersey_59","permanent":"Trivandrum, Kerala, India_59"},"marks":{"english":"70_59","science":"80_59","computers":"90_59","hardware":"80_59"}},{"firstname":"Arungopan_60","lastname":"Gopakumar_60","email":"arun.gopan@marlabs.com_60","phone":"34324324323_60","current_class":"10th_60","location":["Piscataway60","Newyork60","Atlanta60"],"address":{"communication":"Marlabs, Piscataway, New Jersey_60","permanent":"Trivandrum, Kerala, India_60"},"marks":{"english":"70_60","science":"80_60","computers":"90_60","hardware":"80_60"}},{"firstname":"Arungopan_61","lastname":"Gopakumar_61","email":"arun.gopan@marlabs.com_61","phone":"34324324323_61","current_class":"10th_61","location":["Piscataway61","Newyork61","Atlanta61"],"address":{"communication":"Marlabs, Piscataway, New Jersey_61","permanent":"Trivandrum, Kerala, India_61"},"marks":{"english":"70_61","science":"80_61","computers":"90_61","hardware":"80_61"}},{"firstname":"Arungopan_62","lastname":"Gopakumar_62","email":"arun.gopan@marlabs.com_62","phone":"34324324323_62","current_class":"10th_62","location":["Piscataway62","Newyork62","Atlanta62"],"address":{"communication":"Marlabs, Piscataway, New Jersey_62","permanent":"Trivandrum, Kerala, India_62"},"marks":{"english":"70_62","science":"80_62","computers":"90_62","hardware":"80_62"}},{"firstname":"Arungopan_63","lastname":"Gopakumar_63","email":"arun.gopan@marlabs.com_63","phone":"34324324323_63","current_class":"10th_63","location":["Piscataway63","Newyork63","Atlanta63"],"address":{"communication":"Marlabs, Piscataway, New Jersey_63","permanent":"Trivandrum, Kerala, India_63"},"marks":{"english":"70_63","science":"80_63","computers":"90_63","hardware":"80_63"}},{"firstname":"Arungopan_64","lastname":"Gopakumar_64","email":"arun.gopan@marlabs.com_64","phone":"34324324323_64","current_class":"10th_64","location":["Piscataway64","Newyork64","Atlanta64"],"address":{"communication":"Marlabs, Piscataway, New Jersey_64","permanent":"Trivandrum, Kerala, India_64"},"marks":{"english":"70_64","science":"80_64","computers":"90_64","hardware":"80_64"}},{"firstname":"Arungopan_65","lastname":"Gopakumar_65","email":"arun.gopan@marlabs.com_65","phone":"34324324323_65","current_class":"10th_65","location":["Piscataway65","Newyork65","Atlanta65"],"address":{"communication":"Marlabs, Piscataway, New Jersey_65","permanent":"Trivandrum, Kerala, India_65"},"marks":{"english":"70_65","science":"80_65","computers":"90_65","hardware":"80_65"}},{"firstname":"Arungopan_66","lastname":"Gopakumar_66","email":"arun.gopan@marlabs.com_66","phone":"34324324323_66","current_class":"10th_66","location":["Piscataway66","Newyork66","Atlanta66"],"address":{"communication":"Marlabs, Piscataway, New Jersey_66","permanent":"Trivandrum, Kerala, India_66"},"marks":{"english":"70_66","science":"80_66","computers":"90_66","hardware":"80_66"}},{"firstname":"Arungopan_67","lastname":"Gopakumar_67","email":"arun.gopan@marlabs.com_67","phone":"34324324323_67","current_class":"10th_67","location":["Piscataway67","Newyork67","Atlanta67"],"address":{"communication":"Marlabs, Piscataway, New Jersey_67","permanent":"Trivandrum, Kerala, India_67"},"marks":{"english":"70_67","science":"80_67","computers":"90_67","hardware":"80_67"}},{"firstname":"Arungopan_68","lastname":"Gopakumar_68","email":"arun.gopan@marlabs.com_68","phone":"34324324323_68","current_class":"10th_68","location":["Piscataway68","Newyork68","Atlanta68"],"address":{"communication":"Marlabs, Piscataway, New Jersey_68","permanent":"Trivandrum, Kerala, India_68"},"marks":{"english":"70_68","science":"80_68","computers":"90_68","hardware":"80_68"}},{"firstname":"Arungopan_69","lastname":"Gopakumar_69","email":"arun.gopan@marlabs.com_69","phone":"34324324323_69","current_class":"10th_69","location":["Piscataway69","Newyork69","Atlanta69"],"address":{"communication":"Marlabs, Piscataway, New Jersey_69","permanent":"Trivandrum, Kerala, India_69"},"marks":{"english":"70_69","science":"80_69","computers":"90_69","hardware":"80_69"}},{"firstname":"Arungopan_70","lastname":"Gopakumar_70","email":"arun.gopan@marlabs.com_70","phone":"34324324323_70","current_class":"10th_70","location":["Piscataway70","Newyork70","Atlanta70"],"address":{"communication":"Marlabs, Piscataway, New Jersey_70","permanent":"Trivandrum, Kerala, India_70"},"marks":{"english":"70_70","science":"80_70","computers":"90_70","hardware":"80_70"}},{"firstname":"Arungopan_71","lastname":"Gopakumar_71","email":"arun.gopan@marlabs.com_71","phone":"34324324323_71","current_class":"10th_71","location":["Piscataway71","Newyork71","Atlanta71"],"address":{"communication":"Marlabs, Piscataway, New Jersey_71","permanent":"Trivandrum, Kerala, India_71"},"marks":{"english":"70_71","science":"80_71","computers":"90_71","hardware":"80_71"}},{"firstname":"Arungopan_72","lastname":"Gopakumar_72","email":"arun.gopan@marlabs.com_72","phone":"34324324323_72","current_class":"10th_72","location":["Piscataway72","Newyork72","Atlanta72"],"address":{"communication":"Marlabs, Piscataway, New Jersey_72","permanent":"Trivandrum, Kerala, India_72"},"marks":{"english":"70_72","science":"80_72","computers":"90_72","hardware":"80_72"}},{"firstname":"Arungopan_73","lastname":"Gopakumar_73","email":"arun.gopan@marlabs.com_73","phone":"34324324323_73","current_class":"10th_73","location":["Piscataway73","Newyork73","Atlanta73"],"address":{"communication":"Marlabs, Piscataway, New Jersey_73","permanent":"Trivandrum, Kerala, India_73"},"marks":{"english":"70_73","science":"80_73","computers":"90_73","hardware":"80_73"}},{"firstname":"Arungopan_74","lastname":"Gopakumar_74","email":"arun.gopan@marlabs.com_74","phone":"34324324323_74","current_class":"10th_74","location":["Piscataway74","Newyork74","Atlanta74"],"address":{"communication":"Marlabs, Piscataway, New Jersey_74","permanent":"Trivandrum, Kerala, India_74"},"marks":{"english":"70_74","science":"80_74","computers":"90_74","hardware":"80_74"}},{"firstname":"Arungopan_75","lastname":"Gopakumar_75","email":"arun.gopan@marlabs.com_75","phone":"34324324323_75","current_class":"10th_75","location":["Piscataway75","Newyork75","Atlanta75"],"address":{"communication":"Marlabs, Piscataway, New Jersey_75","permanent":"Trivandrum, Kerala, India_75"},"marks":{"english":"70_75","science":"80_75","computers":"90_75","hardware":"80_75"}},{"firstname":"Arungopan_76","lastname":"Gopakumar_76","email":"arun.gopan@marlabs.com_76","phone":"34324324323_76","current_class":"10th_76","location":["Piscataway76","Newyork76","Atlanta76"],"address":{"communication":"Marlabs, Piscataway, New Jersey_76","permanent":"Trivandrum, Kerala, India_76"},"marks":{"english":"70_76","science":"80_76","computers":"90_76","hardware":"80_76"}},{"firstname":"Arungopan_77","lastname":"Gopakumar_77","email":"arun.gopan@marlabs.com_77","phone":"34324324323_77","current_class":"10th_77","location":["Piscataway77","Newyork77","Atlanta77"],"address":{"communication":"Marlabs, Piscataway, New Jersey_77","permanent":"Trivandrum, Kerala, India_77"},"marks":{"english":"70_77","science":"80_77","computers":"90_77","hardware":"80_77"}},{"firstname":"Arungopan_78","lastname":"Gopakumar_78","email":"arun.gopan@marlabs.com_78","phone":"34324324323_78","current_class":"10th_78","location":["Piscataway78","Newyork78","Atlanta78"],"address":{"communication":"Marlabs, Piscataway, New Jersey_78","permanent":"Trivandrum, Kerala, India_78"},"marks":{"english":"70_78","science":"80_78","computers":"90_78","hardware":"80_78"}},{"firstname":"Arungopan_79","lastname":"Gopakumar_79","email":"arun.gopan@marlabs.com_79","phone":"34324324323_79","current_class":"10th_79","location":["Piscataway79","Newyork79","Atlanta79"],"address":{"communication":"Marlabs, Piscataway, New Jersey_79","permanent":"Trivandrum, Kerala, India_79"},"marks":{"english":"70_79","science":"80_79","computers":"90_79","hardware":"80_79"}},{"firstname":"Arungopan_80","lastname":"Gopakumar_80","email":"arun.gopan@marlabs.com_80","phone":"34324324323_80","current_class":"10th_80","location":["Piscataway80","Newyork80","Atlanta80"],"address":{"communication":"Marlabs, Piscataway, New Jersey_80","permanent":"Trivandrum, Kerala, India_80"},"marks":{"english":"70_80","science":"80_80","computers":"90_80","hardware":"80_80"}},{"firstname":"Arungopan_81","lastname":"Gopakumar_81","email":"arun.gopan@marlabs.com_81","phone":"34324324323_81","current_class":"10th_81","location":["Piscataway81","Newyork81","Atlanta81"],"address":{"communication":"Marlabs, Piscataway, New Jersey_81","permanent":"Trivandrum, Kerala, India_81"},"marks":{"english":"70_81","science":"80_81","computers":"90_81","hardware":"80_81"}},{"firstname":"Arungopan_82","lastname":"Gopakumar_82","email":"arun.gopan@marlabs.com_82","phone":"34324324323_82","current_class":"10th_82","location":["Piscataway82","Newyork82","Atlanta82"],"address":{"communication":"Marlabs, Piscataway, New Jersey_82","permanent":"Trivandrum, Kerala, India_82"},"marks":{"english":"70_82","science":"80_82","computers":"90_82","hardware":"80_82"}},{"firstname":"Arungopan_83","lastname":"Gopakumar_83","email":"arun.gopan@marlabs.com_83","phone":"34324324323_83","current_class":"10th_83","location":["Piscataway83","Newyork83","Atlanta83"],"address":{"communication":"Marlabs, Piscataway, New Jersey_83","permanent":"Trivandrum, Kerala, India_83"},"marks":{"english":"70_83","science":"80_83","computers":"90_83","hardware":"80_83"}},{"firstname":"Arungopan_84","lastname":"Gopakumar_84","email":"arun.gopan@marlabs.com_84","phone":"34324324323_84","current_class":"10th_84","location":["Piscataway84","Newyork84","Atlanta84"],"address":{"communication":"Marlabs, Piscataway, New Jersey_84","permanent":"Trivandrum, Kerala, India_84"},"marks":{"english":"70_84","science":"80_84","computers":"90_84","hardware":"80_84"}},{"firstname":"Arungopan_85","lastname":"Gopakumar_85","email":"arun.gopan@marlabs.com_85","phone":"34324324323_85","current_class":"10th_85","location":["Piscataway85","Newyork85","Atlanta85"],"address":{"communication":"Marlabs, Piscataway, New Jersey_85","permanent":"Trivandrum, Kerala, India_85"},"marks":{"english":"70_85","science":"80_85","computers":"90_85","hardware":"80_85"}},{"firstname":"Arungopan_86","lastname":"Gopakumar_86","email":"arun.gopan@marlabs.com_86","phone":"34324324323_86","current_class":"10th_86","location":["Piscataway86","Newyork86","Atlanta86"],"address":{"communication":"Marlabs, Piscataway, New Jersey_86","permanent":"Trivandrum, Kerala, India_86"},"marks":{"english":"70_86","science":"80_86","computers":"90_86","hardware":"80_86"}},{"firstname":"Arungopan_87","lastname":"Gopakumar_87","email":"arun.gopan@marlabs.com_87","phone":"34324324323_87","current_class":"10th_87","location":["Piscataway87","Newyork87","Atlanta87"],"address":{"communication":"Marlabs, Piscataway, New Jersey_87","permanent":"Trivandrum, Kerala, India_87"},"marks":{"english":"70_87","science":"80_87","computers":"90_87","hardware":"80_87"}},{"firstname":"Arungopan_88","lastname":"Gopakumar_88","email":"arun.gopan@marlabs.com_88","phone":"34324324323_88","current_class":"10th_88","location":["Piscataway88","Newyork88","Atlanta88"],"address":{"communication":"Marlabs, Piscataway, New Jersey_88","permanent":"Trivandrum, Kerala, India_88"},"marks":{"english":"70_88","science":"80_88","computers":"90_88","hardware":"80_88"}},{"firstname":"Arungopan_89","lastname":"Gopakumar_89","email":"arun.gopan@marlabs.com_89","phone":"34324324323_89","current_class":"10th_89","location":["Piscataway89","Newyork89","Atlanta89"],"address":{"communication":"Marlabs, Piscataway, New Jersey_89","permanent":"Trivandrum, Kerala, India_89"},"marks":{"english":"70_89","science":"80_89","computers":"90_89","hardware":"80_89"}},{"firstname":"Arungopan_90","lastname":"Gopakumar_90","email":"arun.gopan@marlabs.com_90","phone":"34324324323_90","current_class":"10th_90","location":["Piscataway90","Newyork90","Atlanta90"],"address":{"communication":"Marlabs, Piscataway, New Jersey_90","permanent":"Trivandrum, Kerala, India_90"},"marks":{"english":"70_90","science":"80_90","computers":"90_90","hardware":"80_90"}},{"firstname":"Arungopan_91","lastname":"Gopakumar_91","email":"arun.gopan@marlabs.com_91","phone":"34324324323_91","current_class":"10th_91","location":["Piscataway91","Newyork91","Atlanta91"],"address":{"communication":"Marlabs, Piscataway, New Jersey_91","permanent":"Trivandrum, Kerala, India_91"},"marks":{"english":"70_91","science":"80_91","computers":"90_91","hardware":"80_91"}},{"firstname":"Arungopan_92","lastname":"Gopakumar_92","email":"arun.gopan@marlabs.com_92","phone":"34324324323_92","current_class":"10th_92","location":["Piscataway92","Newyork92","Atlanta92"],"address":{"communication":"Marlabs, Piscataway, New Jersey_92","permanent":"Trivandrum, Kerala, India_92"},"marks":{"english":"70_92","science":"80_92","computers":"90_92","hardware":"80_92"}},{"firstname":"Arungopan_93","lastname":"Gopakumar_93","email":"arun.gopan@marlabs.com_93","phone":"34324324323_93","current_class":"10th_93","location":["Piscataway93","Newyork93","Atlanta93"],"address":{"communication":"Marlabs, Piscataway, New Jersey_93","permanent":"Trivandrum, Kerala, India_93"},"marks":{"english":"70_93","science":"80_93","computers":"90_93","hardware":"80_93"}},{"firstname":"Arungopan_94","lastname":"Gopakumar_94","email":"arun.gopan@marlabs.com_94","phone":"34324324323_94","current_class":"10th_94","location":["Piscataway94","Newyork94","Atlanta94"],"address":{"communication":"Marlabs, Piscataway, New Jersey_94","permanent":"Trivandrum, Kerala, India_94"},"marks":{"english":"70_94","science":"80_94","computers":"90_94","hardware":"80_94"}},{"firstname":"Arungopan_95","lastname":"Gopakumar_95","email":"arun.gopan@marlabs.com_95","phone":"34324324323_95","current_class":"10th_95","location":["Piscataway95","Newyork95","Atlanta95"],"address":{"communication":"Marlabs, Piscataway, New Jersey_95","permanent":"Trivandrum, Kerala, India_95"},"marks":{"english":"70_95","science":"80_95","computers":"90_95","hardware":"80_95"}},{"firstname":"Arungopan_96","lastname":"Gopakumar_96","email":"arun.gopan@marlabs.com_96","phone":"34324324323_96","current_class":"10th_96","location":["Piscataway96","Newyork96","Atlanta96"],"address":{"communication":"Marlabs, Piscataway, New Jersey_96","permanent":"Trivandrum, Kerala, India_96"},"marks":{"english":"70_96","science":"80_96","computers":"90_96","hardware":"80_96"}},{"firstname":"Arungopan_97","lastname":"Gopakumar_97","email":"arun.gopan@marlabs.com_97","phone":"34324324323_97","current_class":"10th_97","location":["Piscataway97","Newyork97","Atlanta97"],"address":{"communication":"Marlabs, Piscataway, New Jersey_97","permanent":"Trivandrum, Kerala, India_97"},"marks":{"english":"70_97","science":"80_97","computers":"90_97","hardware":"80_97"}},{"firstname":"Arungopan_98","lastname":"Gopakumar_98","email":"arun.gopan@marlabs.com_98","phone":"34324324323_98","current_class":"10th_98","location":["Piscataway98","Newyork98","Atlanta98"],"address":{"communication":"Marlabs, Piscataway, New Jersey_98","permanent":"Trivandrum, Kerala, India_98"},"marks":{"english":"70_98","science":"80_98","computers":"90_98","hardware":"80_98"}},{"firstname":"Arungopan_99","lastname":"Gopakumar_99","email":"arun.gopan@marlabs.com_99","phone":"34324324323_99","current_class":"10th_99","location":["Piscataway99","Newyork99","Atlanta99"],"address":{"communication":"Marlabs, Piscataway, New Jersey_99","permanent":"Trivandrum, Kerala, India_99"},"marks":{"english":"70_99","science":"80_99","computers":"90_99","hardware":"80_99"}
    }
  ]